{"info":{"_postman_id":"38bbe970-91e5-4ed9-9b2d-4547c19c3c2e","name":"icash","schema":"https://schema.getpostman.com/json/collection/v2.1.0/collection.json"},"item":[{"name":"debt","item":[{"name":"get-all","id":"fbb52f0e-9aae-407d-ba6d-d0caa08df5fb","protocolProfileBehavior":{"disableBodyPruning":true},"request":{"method":"GET","header":[],"url":{"raw":"http://127.0.0.1:5000/debit/","protocol":"http","host":["127","0","0","1"],"port":"5000","path":["debit",""]}},"response":[]},{"name":"get","id":"ff0a6d9a-14c3-4c89-87af-881d2d0bdaec","protocolProfileBehavior":{"disableBodyPruning":true},"request":{"method":"GET","header":[],"url":{"raw":"http://127.0.0.1:5000/debt/1","protocol":"http","host":["127","0","0","1"],"port":"5000","path":["debt","1"]}},"response":[]},{"name":"post","id":"d2b17c22-6f0b-49e9-b7e8-d75b0fbed117","protocolProfileBehavior":{"disableBodyPruning":true},"request":{"method":"POST","header":[],"body":{"mode":"raw","raw":"{\n    \"empresa\": \"Itau\",\n    \"id_user\": \"2\",\n    \"valor\": 1235.50,\n    \"flag\": true\n}","options":{"raw":{"language":"json"}}},"url":{"raw":"http://127.0.0.1:5000/debt","protocol":"http","host":["127","0","0","1"],"port":"5000","path":["debt"]}},"response":[]},{"name":"put","id":"f5871ee3-d14c-4222-85c5-f7bca439b3ce","protocolProfileBehavior":{"disableBodyPruning":true},"request":{"method":"PUT","header":[],"body":{"mode":"raw","raw":"{\n    \"empresa\": \"Bradesco\",\n    \"valor\": 1235.50,\n    \"flag\": true\n}","options":{"raw":{"language":"json"}}},"url":{"raw":"http://127.0.0.1:5000/debt/2","protocol":"http","host":["127","0","0","1"],"port":"5000","path":["debt","2"]}},"response":[]},{"name":"delete","id":"8f9af0ad-b267-43a9-b70d-413a0d8be907","protocolProfileBehavior":{"disableBodyPruning":true},"request":{"method":"DELETE","header":[],"url":{"raw":"http://127.0.0.1:5000/debt/1","protocol":"http","host":["127","0","0","1"],"port":"5000","path":["debt","1"]}},"response":[]}],"id":"26e535c0-f891-4f2b-9340-67edcbd7f3bf"},{"name":"credit","item":[{"name":"get_all","id":"138c053d-6f77-4f14-bf51-055749a40482","protocolProfileBehavior":{"disableBodyPruning":true},"request":{"method":"GET","header":[],"url":{"raw":""}},"response":[]},{"name":"get","id":"1698d895-69dc-459b-b51b-f5ef9426bda6","protocolProfileBehavior":{"disableBodyPruning":true},"request":{"method":"GET","header":[],"url":{"raw":"http://localhost:5000/credit/2","protocol":"http","host":["localhost"],"port":"5000","path":["credit","2"]}},"response":[]},{"name":"post","id":"499a5be9-6a53-4b08-9344-7b890cc80292","protocolProfileBehavior":{"disableBodyPruning":true},"request":{"method":"POST","header":[],"body":{"mode":"raw","raw":"{\n    \"id_user\": \"1\",\n    \"valor\": 7000.45\n}","options":{"raw":{"language":"json"}}},"url":{"raw":"http://localhost:5000/credit","protocol":"http","host":["localhost"],"port":"5000","path":["credit"]}},"response":[]},{"name":"put","id":"3b49890f-4d7d-4d5e-b036-70cb4d7d5a56","protocolProfileBehavior":{"disableBodyPruning":true},"request":{"method":"PUT","header":[],"body":{"mode":"raw","raw":"{\n    \"valor\": 8000.47\n}","options":{"raw":{"language":"json"}}},"url":{"raw":"http://localhost:5000/credit/1","protocol":"http","host":["localhost"],"port":"5000","path":["credit","1"]}},"response":[]},{"name":"delete","id":"8dc3f7e0-3d36-4630-808c-641c14ec5877","protocolProfileBehavior":{"disableBodyPruning":true},"request":{"method":"GET","header":[],"url":{"raw":""}},"response":[]}],"id":"8dfbe2cb-060f-4329-92af-b892f296bb78"},{"name":"get","id":"87b3f50a-0a9b-4abd-936e-712c760d997d","protocolProfileBehavior":{"disableBodyPruning":true},"request":{"method":"GET","header":[],"url":{"raw":"http://127.0.0.1:5000/user","protocol":"http","host":["127","0","0","1"],"port":"5000","path":["user"]}},"response":[]},{"name":"post","id":"4d806f68-1a5b-4f5c-a6d5-0a21d336f90b","protocolProfileBehavior":{"disableBodyPruning":true},"request":{"method":"POST","header":[],"body":{"mode":"raw","raw":"{\n  \"nome\": \"teste\",\n  \"cpf\": \"78945612347\",\n  \"senha\": \"teste\"\n}","options":{"raw":{"language":"json"}}},"url":{"raw":"http://127.0.0.1:5000/user","protocol":"http","host":["127","0","0","1"],"port":"5000","path":["user"]}},"response":[]},{"name":"put","id":"ceaa915f-d7e4-4135-9c7e-fbcd8efed9f4","protocolProfileBehavior":{"disableBodyPruning":true},"request":{"method":"PUT","header":[],"body":{"mode":"raw","raw":"{\n    \"nome\": \"nathan\",\n    \"cpf\": \"4564564894\",\n    \"senha\": \"1retdrfhbf\"\n}","options":{"raw":{"language":"json"}}},"url":{"raw":"http://127.0.0.1:5000/user/3","protocol":"http","host":["127","0","0","1"],"port":"5000","path":["user","3"]}},"response":[]},{"name":"delete","id":"a0aab82e-92b2-4307-9141-6c882f79364c","protocolProfileBehavior":{"disableBodyPruning":true},"request":{"method":"DELETE","header":[],"url":{"raw":"http://127.0.0.1:5000/user/3","protocol":"http","host":["127","0","0","1"],"port":"5000","path":["user","3"]}},"response":[]}]}