{"info":{"_postman_id":"3aa94502-55a3-466e-aa65-8c388283563e","name":"Campaign Monitor API","schema":"https://schema.getpostman.com/json/collection/v2.1.0/collection.json"},"item":[{"name":"clients","id":"ac1609ed-1e5e-472c-94bc-828fdfb2d9c6","protocolProfileBehavior":{"disableBodyPruning":true},"request":{"auth":{"type":"basic","basic":[{"key":"username","value":"a046d915c75914980b4af8978cd7f9d7","type":"string"},{"key":"password","value":"","type":"string"}]},"method":"GET","header":[{"key":"ApiKey","value":"286a99ae0738a42b997f835dbe92767242cddbf365e9962e","type":"text","disabled":true},{"key":"Authorization","value":"Basic Mjg2YTk5YWUwNzM4YTQyYjk5N2Y4MzVkYmU5Mjc2NzI0MmNkZGJmMzY1ZTk5NjJlOng=","type":"text","disabled":true},{"key":"Content-Type","value":"application/json; charset=utf-8","type":"text"},{"key":"Accept-Encoding","value":"gzip, deflate","type":"text"}],"url":{"raw":"https://api.createsend.com/api/v3.2/clients.json","protocol":"https","host":["api","createsend","com"],"path":["api","v3.2","clients.json"]}},"response":[]},{"name":"clients details","id":"283cf32c-44c2-4c3f-83d3-19ee9ba2b981","protocolProfileBehavior":{"disableBodyPruning":true},"request":{"auth":{"type":"basic","basic":[{"key":"password","value":"dummy","type":"string"},{"key":"username","value":"a046d915c75914980b4af8978cd7f9d7","type":"string"}]},"method":"GET","header":[{"key":"ApiKey","value":"286a99ae0738a42b997f835dbe92767242cddbf365e9962e","type":"text","disabled":true},{"key":"Authorization","value":"Basic Mjg2YTk5YWUwNzM4YTQyYjk5N2Y4MzVkYmU5Mjc2NzI0MmNkZGJmMzY1ZTk5NjJlOng=","type":"text","disabled":true},{"key":"Content-Type","value":"application/json; charset=utf-8","type":"text"},{"key":"Accept-Encoding","value":"gzip, deflate","type":"text"}],"url":{"raw":"https://api.createsend.com/api/v3.2/clients/73bb02ff1893237a59c33668427d8d31.json","protocol":"https","host":["api","createsend","com"],"path":["api","v3.2","clients","73bb02ff1893237a59c33668427d8d31.json"]}},"response":[]},{"name":"client lists","id":"8d211832-10a5-4803-a4a9-69a70635118c","protocolProfileBehavior":{"disableBodyPruning":true},"request":{"auth":{"type":"basic","basic":[{"key":"password","value":"dummy","type":"string"},{"key":"username","value":"a046d915c75914980b4af8978cd7f9d7","type":"string"}]},"method":"GET","header":[{"key":"ApiKey","value":"286a99ae0738a42b997f835dbe92767242cddbf365e9962e","type":"text","disabled":true},{"key":"Authorization","value":"Basic Mjg2YTk5YWUwNzM4YTQyYjk5N2Y4MzVkYmU5Mjc2NzI0MmNkZGJmMzY1ZTk5NjJlOng=","type":"text","disabled":true},{"key":"Content-Type","value":"application/json; charset=utf-8","type":"text"},{"key":"Accept-Encoding","value":"gzip, deflate","type":"text"}],"url":{"raw":"https://api.createsend.com/api/v3.2/clients/73bb02ff1893237a59c33668427d8d31/lists.json","protocol":"https","host":["api","createsend","com"],"path":["api","v3.2","clients","73bb02ff1893237a59c33668427d8d31","lists.json"]}},"response":[]},{"name":"client active lists","id":"339f6387-b737-427f-9f64-8e00ea2a7fe5","protocolProfileBehavior":{"disableBodyPruning":true},"request":{"auth":{"type":"basic","basic":[{"key":"password","value":"dummy","type":"string"},{"key":"username","value":"a046d915c75914980b4af8978cd7f9d7","type":"string"}]},"method":"GET","header":[{"key":"ApiKey","value":"286a99ae0738a42b997f835dbe92767242cddbf365e9962e","type":"text","disabled":true},{"key":"Authorization","value":"Basic Mjg2YTk5YWUwNzM4YTQyYjk5N2Y4MzVkYmU5Mjc2NzI0MmNkZGJmMzY1ZTk5NjJlOng=","type":"text","disabled":true},{"key":"Content-Type","value":"application/json; charset=utf-8","type":"text"},{"key":"Accept-Encoding","value":"gzip, deflate","type":"text"}],"url":{"raw":"https://api.createsend.com/api/v3.2/lists/28210ffee94939526f37fdd8fde0f0f4/active.json?date=2021-01-01","protocol":"https","host":["api","createsend","com"],"path":["api","v3.2","lists","28210ffee94939526f37fdd8fde0f0f4","active.json"],"query":[{"key":"date","value":"2021-01-01"}]}},"response":[]},{"name":"campaigns","id":"49c7da32-4e26-4fdf-8e8e-84b182decc2f","protocolProfileBehavior":{"disableBodyPruning":true},"request":{"auth":{"type":"basic","basic":[{"key":"password","value":"sdhjbfksdh","type":"string"},{"key":"username","value":"a046d915c75914980b4af8978cd7f9d7","type":"string"}]},"method":"GET","header":[{"key":"ApiKey","value":"286a99ae0738a42b997f835dbe92767242cddbf365e9962e","type":"text","disabled":true},{"key":"Authorization","value":"Basic Mjg2YTk5YWUwNzM4YTQyYjk5N2Y4MzVkYmU5Mjc2NzI0MmNkZGJmMzY1ZTk5NjJlOng=","type":"text","disabled":true},{"key":"Content-Type","value":"application/json; charset=utf-8","type":"text"},{"key":"Accept-Encoding","value":"gzip, deflate","type":"text"}],"url":{"raw":"https://api.createsend.com/api/v3.2/clients/82aa299d068a74d90e45a4aa41faa202/campaigns.json","protocol":"https","host":["api","createsend","com"],"path":["api","v3.2","clients","82aa299d068a74d90e45a4aa41faa202","campaigns.json"]}},"response":[]},{"name":"email_usage","id":"d9f76989-1fdd-4a9a-a5b0-586253f85669","protocolProfileBehavior":{"disableBodyPruning":true},"request":{"auth":{"type":"basic","basic":[{"key":"username","value":"a046d915c75914980b4af8978cd7f9d7","type":"string"},{"key":"password","value":"pass","type":"string"}]},"method":"GET","header":[],"url":{"raw":"https://api.createsend.com/api/v3.2/campaigns/00e038817d734714cc7c6617612e6ad0/emailclientusage.json","protocol":"https","host":["api","createsend","com"],"path":["api","v3.2","campaigns","00e038817d734714cc7c6617612e6ad0","emailclientusage.json"]}},"response":[]},{"name":"summary","id":"4eb28635-fb6a-42fd-9151-da3edeff0702","protocolProfileBehavior":{"disableBodyPruning":true},"request":{"auth":{"type":"basic","basic":[{"key":"username","value":"a046d915c75914980b4af8978cd7f9d7","type":"string"},{"key":"password","value":"pass","type":"string"}]},"method":"GET","header":[],"url":{"raw":"https://api.createsend.com/api/v3.2/campaigns/00e038817d734714cc7c6617612e6ad0/emailclientusage.json","protocol":"https","host":["api","createsend","com"],"path":["api","v3.2","campaigns","00e038817d734714cc7c6617612e6ad0","emailclientusage.json"]}},"response":[]},{"name":"bounces","id":"54ec2685-7f45-411a-a9a1-bfbeb935cd96","protocolProfileBehavior":{"disableBodyPruning":true},"request":{"auth":{"type":"basic","basic":[{"key":"password","value":"dummy","type":"string"},{"key":"username","value":"a046d915c75914980b4af8978cd7f9d7","type":"string"}]},"method":"GET","header":[{"key":"page","value":"","type":"text","disabled":true}],"url":{"raw":"https://api.createsend.com/api/v3.2/campaigns/76c35646e2333b9b83b31c4cadcccf7f/bounces.json?page=6","protocol":"https","host":["api","createsend","com"],"path":["api","v3.2","campaigns","76c35646e2333b9b83b31c4cadcccf7f","bounces.json"],"query":[{"key":"page","value":"6"},{"key":"pagesize","value":"1000","disabled":true},{"key":"orderfield","value":"{date|email|list}","disabled":true},{"key":"orderdirection","value":"{asc|desc}","disabled":true},{"key":"date","value":"2021-01-10","disabled":true}]}},"response":[]},{"name":"spam_complaints","id":"5c87dcde-9361-492d-9840-4ea1ea0700e6","protocolProfileBehavior":{"disableBodyPruning":true},"request":{"auth":{"type":"basic","basic":[{"key":"username","value":"a046d915c75914980b4af8978cd7f9d7","type":"string"},{"key":"password","value":"pass","type":"string"}]},"method":"GET","header":[],"url":{"raw":"https://api.createsend.com/api/v3.2/campaigns/56b00ae563e099abcf75f0f3d3dd68e2/spam.json","protocol":"https","host":["api","createsend","com"],"path":["api","v3.2","campaigns","56b00ae563e099abcf75f0f3d3dd68e2","spam.json"],"query":[{"key":"date","value":"{YYYY-MM-DD HH:MM}","disabled":true},{"key":"page","value":"{pagenumber}","disabled":true},{"key":"pagesize","value":"{pagesize}","disabled":true},{"key":"orderfield","value":"{date|email|list}","disabled":true},{"key":"orderdirection","value":"{asc|desc}","disabled":true}]}},"response":[]},{"name":"unsubscribes","id":"c16dbd66-2c74-4ff8-b4c7-719e2b8e26a8","protocolProfileBehavior":{"disableBodyPruning":true},"request":{"auth":{"type":"basic","basic":[{"key":"username","value":"a046d915c75914980b4af8978cd7f9d7","type":"string"},{"key":"password","value":"pass","type":"string"}]},"method":"GET","header":[],"url":{"raw":"https://api.createsend.com/api/v3.2/campaigns/56b00ae563e099abcf75f0f3d3dd68e2/unsubscribes.json","protocol":"https","host":["api","createsend","com"],"path":["api","v3.2","campaigns","56b00ae563e099abcf75f0f3d3dd68e2","unsubscribes.json"],"query":[{"key":"date","value":"{YYYY-MM-DD HH:MM}","disabled":true},{"key":"page","value":"{pagenumber}","disabled":true},{"key":"pagesize","value":"{pagesize}","disabled":true},{"key":"orderfield","value":"{date|email|list}","disabled":true},{"key":"orderdirection","value":"{asc|desc}","disabled":true}]}},"response":[]},{"name":"recipients","id":"75a24766-b724-46f7-9193-5810050c611c","protocolProfileBehavior":{"disableBodyPruning":true},"request":{"auth":{"type":"basic","basic":[{"key":"username","value":"a046d915c75914980b4af8978cd7f9d7","type":"string"},{"key":"password","value":"pass","type":"string"}]},"method":"GET","header":[],"url":{"raw":"https://api.createsend.com/api/v3.2/campaigns/56b00ae563e099abcf75f0f3d3dd68e2/unsubscribes.json","protocol":"https","host":["api","createsend","com"],"path":["api","v3.2","campaigns","56b00ae563e099abcf75f0f3d3dd68e2","unsubscribes.json"],"query":[{"key":"date","value":"{YYYY-MM-DD HH:MM}","disabled":true},{"key":"page","value":"{pagenumber}","disabled":true},{"key":"pagesize","value":"{pagesize}","disabled":true},{"key":"orderfield","value":"{date|email|list}","disabled":true},{"key":"orderdirection","value":"{asc|desc}","disabled":true}]}},"response":[]}]}