{"info":{"_postman_id":"5859827b-4a13-4cdd-b6ab-af9f3de0d3eb","name":"score-mock-qa","schema":"https://schema.getpostman.com/json/collection/v2.1.0/collection.json"},"item":[{"name":"score","item":[{"name":"update","id":"e43452ea-d7e8-437e-a3f1-54a702bfcc24","protocolProfileBehavior":{"disableBodyPruning":true},"request":{"method":"PATCH","header":[{"key":"Content-Type","name":"Content-Type","value":"application/json","type":"text"}],"body":{"mode":"raw","raw":"{\n\t\"document\": \"00000014494\",\n\t\"score\": 500\n}","options":{"raw":{"language":"json"}}},"url":{"raw":"{{score_host_k8s}}/score/mock/manager/score","host":["{{score_host_k8s}}"],"path":["score","mock","manager","score"]}},"response":[]},{"name":"delete","id":"1b8d470f-617f-4a12-a5cf-2840090ad0e0","protocolProfileBehavior":{"disableBodyPruning":true},"request":{"method":"DELETE","header":[{"key":"Content-Type","name":"Content-Type","value":"application/json","type":"text"}],"body":{"mode":"raw","raw":"{\n\t\"document\": \"00000014494\"\n}","options":{"raw":{"language":"json"}}},"url":{"raw":"{{score_host_k8s}}/score/mock/manager/score","host":["{{score_host_k8s}}"],"path":["score","mock","manager","score"]}},"response":[]}],"id":"f3d91dac-bcb9-4e20-a693-aed2dc0cb3c6"},{"name":"positivo","item":[{"name":"optin","item":[{"name":"update","id":"af462d8f-7fb2-4af4-832e-0427747d7ef2","protocolProfileBehavior":{"disableBodyPruning":true},"request":{"method":"PATCH","header":[{"key":"Content-Type","name":"Content-Type","type":"text","value":"application/json"}],"body":{"mode":"raw","raw":"{\n\t\"document\": \"00000014494\",\n\t\"optin\": true,\n    \"blocked\": true\n}","options":{"raw":{"language":"json"}}},"url":{"raw":"{{score_host_k8s}}/score/mock/manager/positivo/optin","host":["{{score_host_k8s}}"],"path":["score","mock","manager","positivo","optin"]}},"response":[]},{"name":"delete","id":"5ce29dc8-a0ec-4a4d-a2a5-5c55d7c6cbbb","protocolProfileBehavior":{"disableBodyPruning":true},"request":{"method":"DELETE","header":[{"key":"Content-Type","name":"Content-Type","value":"application/json","type":"text"}],"body":{"mode":"raw","raw":"{\n\t\"document\": \"00000014494\"\n}","options":{"raw":{"language":"json"}}},"url":{"raw":"{{score_host_k8s}}/score/mock/manager/positivo/optin","host":["{{score_host_k8s}}"],"path":["score","mock","manager","positivo","optin"]}},"response":[]}],"id":"f491a61e-3ff2-43d2-87b1-697d4603cae6"},{"name":"company","item":[{"name":"update","id":"398f9244-2a29-4e2d-98dc-230b874959de","protocolProfileBehavior":{"disableBodyPruning":true},"request":{"method":"PATCH","header":[{"key":"Content-Type","name":"Content-Type","type":"text","value":"application/json"}],"body":{"mode":"raw","raw":"{\n\t\"document\": \"00000014494\",\n\t\"companies\": [\n\t\t{\n        \t\"company\": \"CAIXA ECONOMICA FEDERAL\",\n        \t\"cnpj\": \"00.360.305/0000-23\"\n\t    },\n\t    {\n\t        \"company\": \"DEBORA - PARTICIPANTE A\",\n\t        \"cnpj\": \"33.066.408/0001-15\"\n\t    }\n\t]\n}","options":{"raw":{"language":"json"}}},"url":{"raw":"{{score_host_k8s}}/score/mock/manager/positivo/company","host":["{{score_host_k8s}}"],"path":["score","mock","manager","positivo","company"]}},"response":[]},{"name":"delete","id":"0cabeb8f-81e3-45b3-810e-104baa10bc22","protocolProfileBehavior":{"disableBodyPruning":true},"request":{"method":"DELETE","header":[{"key":"Content-Type","name":"Content-Type","value":"application/json","type":"text"}],"body":{"mode":"raw","raw":"{\n\t\"document\": \"00000014494\"\n}","options":{"raw":{"language":"json"}}},"url":{"raw":"{{score_host_k8s}}/score/mock/manager/positivo/company","host":["{{score_host_k8s}}"],"path":["score","mock","manager","positivo","company"]}},"response":[]}],"id":"5d5b94ca-80c0-4e2b-9a95-8540233f690f"}],"id":"49ae11cf-c853-4d0e-8a6b-c895bd3cce20"}],"event":[{"listen":"prerequest","script":{"id":"2973275a-5e7c-4ba6-9bc6-66665d911a6c","type":"text/javascript","exec":[""]}},{"listen":"test","script":{"id":"826c737d-e744-41ce-84fb-773543c460d1","type":"text/javascript","exec":[""]}}]}