{"info":{"_postman_id":"8971b3f3-c4bf-4818-82cf-79070423caa1","name":"teste","schema":"https://schema.getpostman.com/json/collection/v2.1.0/collection.json"},"item":[{"name":"teste","id":"da46bcbc-f216-4c84-bff8-dd613133dce4","protocolProfileBehavior":{"disableBodyPruning":true},"request":{"method":"GET","header":[],"body":{"mode":"raw","raw":"","options":{"raw":{"language":"json"}}},"url":{"raw":"http://127.0.0.1:5000/divida/2","protocol":"http","host":["127","0","0","1"],"port":"5000","path":["divida","2"]}},"response":[]},{"name":"post","id":"b0d89608-4db8-46d0-8a74-57186392db88","protocolProfileBehavior":{"disableBodyPruning":true},"request":{"method":"POST","header":[],"body":{"mode":"raw","raw":"{\n    \"id_pessoa\": 2,\n    \"valor\": 178.95,\n    \"flag\": true\n}","options":{"raw":{"language":"json"}}},"url":{"raw":"http://127.0.0.1:5000/divida","protocol":"http","host":["127","0","0","1"],"port":"5000","path":["divida"]}},"response":[]},{"name":"put","id":"11257cd6-6582-4975-95e1-483bfe96612d","protocolProfileBehavior":{"disableBodyPruning":true},"request":{"method":"PUT","header":[],"body":{"mode":"raw","raw":"{\n    \"id\": 1,\n    \"valor\": 30.59,\n    \"flag\": false\n}","options":{"raw":{"language":"json"}}},"url":{"raw":"http://127.0.0.1:5000/divida","protocol":"http","host":["127","0","0","1"],"port":"5000","path":["divida"]}},"response":[]},{"name":"delete","id":"f46fa300-3671-468f-a1be-1b0f6a70a4b5","protocolProfileBehavior":{"disableBodyPruning":true},"request":{"method":"DELETE","header":[],"url":{"raw":"http://127.0.0.1:5000/pessoa/1","protocol":"http","host":["127","0","0","1"],"port":"5000","path":["pessoa","1"]}},"response":[]},{"name":"Get","id":"7fac9d70-0b5f-4a58-a9df-64e4102be352","protocolProfileBehavior":{"disableBodyPruning":true},"request":{"method":"GET","header":[],"url":{"raw":"http://127.0.0.1:5000/divida/pagas","protocol":"http","host":["127","0","0","1"],"port":"5000","path":["divida","pagas"]}},"response":[]}]}