{"info":{"_postman_id":"b573488d-a521-4752-a60f-bb2f688f9073","name":"workshop_python","schema":"https://schema.getpostman.com/json/collection/v2.1.0/collection.json"},"item":[{"name":"get","id":"6c416242-ca2c-4f1d-acb7-7b7145f795f8","protocolProfileBehavior":{"disableBodyPruning":true},"request":{"method":"GET","header":[],"url":{"raw":"127.0.0.1:5000/pessoa","host":["127","0","0","1"],"port":"5000","path":["pessoa"]}},"response":[]},{"name":"post","id":"db2dd843-ed56-45dd-b4f1-9e413720a02d","protocolProfileBehavior":{"disableBodyPruning":true},"request":{"method":"POST","header":[],"body":{"mode":"raw","raw":"{\n    \"name\": \"Julia\",\n    \"email\": \"Julia@gmail.com\"\n\n}","options":{"raw":{"language":"json"}}},"url":{"raw":"127.0.0.1:5000/pessoa","host":["127","0","0","1"],"port":"5000","path":["pessoa"]}},"response":[]},{"name":"put","id":"55e9c45d-2e51-46c2-84ae-4ef24d438e8b","protocolProfileBehavior":{"disableBodyPruning":true},"request":{"method":"PUT","header":[],"body":{"mode":"raw","raw":"{\n    \"id\": 2,\n    \"nome\": \"Jhon\",\n    \"email\": \"has@gmail.com\"\n}","options":{"raw":{"language":"json"}}},"url":{"raw":"127.0.0.1:5000/pessoa","host":["127","0","0","1"],"port":"5000","path":["pessoa"]}},"response":[]},{"name":"delete","id":"1747661b-4ebb-44bd-9dc2-87f7c1740be8","protocolProfileBehavior":{"disableBodyPruning":true},"request":{"method":"GET","header":[],"url":{"raw":""}},"response":[]}]}