{"info":{"_postman_id":"b9bba70f-178c-4edf-a032-71ad2018081b","name":"Go-Workshop","schema":"https://schema.getpostman.com/json/collection/v2.1.0/collection.json"},"item":[{"name":"GetUsers","id":"cd7b4427-5b39-4b30-9224-82fb79873e69","protocolProfileBehavior":{"disableBodyPruning":true},"request":{"method":"GET","header":[],"url":{"raw":"http://127.0.0.1:8088/user","protocol":"http","host":["127","0","0","1"],"port":"8088","path":["user"]}},"response":[]},{"name":"Post","id":"e8b1ea0d-fd84-48d9-a4bb-9a1e3704f73b","protocolProfileBehavior":{"disableBodyPruning":true},"request":{"method":"POST","header":[{"key":"1","value":"1","type":"text","disabled":true}],"body":{"mode":"raw","raw":"{\n    \"name\": \"Jhon B.\",\n    \"Email\": \"jb@gmail.com\",\n    \"birth_date\": \"1990-03-25\"\n}","options":{"raw":{"language":"json"}}},"url":{"raw":"http://127.0.0.1:8088/user","protocol":"http","host":["127","0","0","1"],"port":"8088","path":["user"]}},"response":[]},{"name":"GetUser","id":"356a27f8-d758-4405-b69c-1031a7eccb41","protocolProfileBehavior":{"disableBodyPruning":true},"request":{"method":"GET","header":[{"key":"id","value":"1","type":"text","disabled":true}],"url":{"raw":"http://127.0.0.1:8088/user/3","protocol":"http","host":["127","0","0","1"],"port":"8088","path":["user","3"]}},"response":[]},{"name":"Update","id":"9774c36c-63d3-4a97-9688-1b4691cb22e9","protocolProfileBehavior":{"disableBodyPruning":true},"request":{"method":"PUT","header":[{"key":"","value":"","type":"text","disabled":true}],"body":{"mode":"raw","raw":"{\n    \"name\": \"nathan.\",\n    \"Email\": \"n@gmail.com\",\n    \"birth_date\": \"1995-09-15\"\n}","options":{"raw":{"language":"json"}}},"url":{"raw":"http://127.0.0.1:8088/user/1","protocol":"http","host":["127","0","0","1"],"port":"8088","path":["user","1"]}},"response":[]},{"name":"Delete","id":"85480d77-d4e5-46bd-a995-4ebc823996be","protocolProfileBehavior":{"disableBodyPruning":true},"request":{"method":"DELETE","header":[],"url":{"raw":"http://127.0.0.1:8088/user/3","protocol":"http","host":["127","0","0","1"],"port":"8088","path":["user","3"]}},"response":[]}]}