{"info":{"_postman_id":"c2887c66-0ae0-4fa7-8ed7-902876b7eabe","name":"php-workshop","schema":"https://schema.getpostman.com/json/collection/v2.1.0/collection.json"},"item":[{"name":"post","id":"cf1168de-030a-4c24-a075-a6ab9074ee4e","protocolProfileBehavior":{"disableBodyPruning":true},"request":{"method":"PUT","header":[],"body":{"mode":"urlencoded","urlencoded":[{"key":"name","value":"Znna","type":"text"},{"key":"email","value":"z@gmail.com","type":"text","disabled":true},{"key":"password","value":"123456","type":"text"}]},"url":{"raw":"localhost:8000/api/users/2","host":["localhost"],"port":"8000","path":["api","users","2"]}},"response":[]},{"name":"get","id":"c0510d5f-3c5d-49b8-a3bc-4e1d9f9514ee","protocolProfileBehavior":{"disableBodyPruning":true},"request":{"method":"GET","header":[],"url":{"raw":"localhost:8000/api/users/1","host":["localhost"],"port":"8000","path":["api","users","1"]}},"response":[]}]}