{"info":{"_postman_id":"eb4388c0-5170-476f-a41f-111303de82d0","name":"aws-api","schema":"https://schema.getpostman.com/json/collection/v2.1.0/collection.json"},"item":[{"name":"person","id":"99a2082d-db81-4a66-bac7-ef4d68bcb312","protocolProfileBehavior":{"disableBodyPruning":true},"request":{"method":"POST","header":[],"body":{"mode":"raw","raw":"{\n    \"person\": {\n        \"user_id\": 1,\n        \"first_name\": \"Jhon\",\n        \"last_name\": \"Inacio\",\n        \"age\": 27\n    },\n    \"msg\": \"teste\"\n}","options":{"raw":{"language":"json"}}},"url":{"raw":"http://127.0.0.1:8080/aws-api/person","protocol":"http","host":["127","0","0","1"],"port":"8080","path":["aws-api","person"]}},"response":[]}]}