{"info":{"_postman_id":"edee8ca9-14d2-480e-9b4a-3651ddddea0b","name":"task-force-cpf","schema":"https://schema.getpostman.com/json/collection/v2.1.0/collection.json"},"item":[{"name":"Auth","event":[{"listen":"test","script":{"id":"5996f6a8-9c62-4ac5-8c68-3097eadc45a2","exec":["var jsonData = JSON.parse(responseBody);\r","pm.environment.set(\"userId\", jsonData.id);\r","pm.environment.set(\"cpf\", jsonData.cpf);"],"type":"text/javascript"}}],"id":"7c8c6671-8dc2-4186-a8ad-c043f6df8c06","protocolProfileBehavior":{"disableBodyPruning":true},"request":{"method":"GET","header":[],"body":{"mode":"raw","raw":"","options":{"raw":{"language":"json"}}},"url":{"raw":"http://api-ecs-auth-new-prd.ecsbr.net/auth/ms-user/user?cpf=08130054426","protocol":"http","host":["api-ecs-auth-new-prd","ecsbr","net"],"path":["auth","ms-user","user"],"query":[{"key":"cpf","value":"08130054426"}]}},"response":[]},{"name":"Agreements","id":"508835fd-d213-46b3-8a2a-918fd4cd6662","protocolProfileBehavior":{"disableBodyPruning":true},"request":{"method":"POST","header":[],"body":{"mode":"raw","raw":"{\r\n\t\"id\": \"{{userId}}\",\r\n\t\"cpf\": \"{{cpf}}\"\r\n}","options":{"raw":{"language":"json"}}},"url":{"raw":"{{agreements}}/v1","host":["{{agreements}}"],"path":["v1"]}},"response":[]},{"name":"E-WALLET - Saldo em conta","id":"b957cbd4-5c48-4160-ae07-6f8ea440f5c5","protocolProfileBehavior":{"disableBodyPruning":true},"request":{"method":"POST","header":[],"body":{"mode":"raw","raw":"{\r\n    \"user_id_list\": [\"{{userId}}\"]\r\n}","options":{"raw":{"language":"json"}}},"url":{"raw":"https://k8s-api-lno-prd.ecsbr.net/lno/e-wallet-manager/customers/balance/","protocol":"https","host":["k8s-api-lno-prd","ecsbr","net"],"path":["lno","e-wallet-manager","customers","balance",""]}},"response":[]},{"name":"E-WALLET - Extrato","id":"80e6f820-040d-41c6-902a-f592e351e1d4","protocolProfileBehavior":{"disableBodyPruning":true},"request":{"method":"GET","header":[],"body":{"mode":"raw","raw":"{\r\n    \"user_id_list\": [\"{{userId}}\"]\r\n}","options":{"raw":{"language":"json"}}},"url":{"raw":"https://k8s-api-lno-prd.ecsbr.net/lno/e-wallet-manager/customers/transactions?start_date=2020-03-01&end_date=2020-11-30","protocol":"https","host":["k8s-api-lno-prd","ecsbr","net"],"path":["lno","e-wallet-manager","customers","transactions"],"query":[{"key":"start_date","value":"2020-03-01"},{"key":"end_date","value":"2020-11-30"}]}},"response":[]}]}